Name,Price,Image URL,Product Link,Specification,Dimensions,Weight
【拭拭樂】濕拭衛生紙可丟馬桶環保衛生紙 (20抽x36包)-箱購,799,https://medias.watsons.com.tw/publishing/WTCTW-170325-front-prodcat.jpg?version=1713751236,https://www.watsons.com.tw//【拭拭樂】濕拭衛生紙可丟馬桶環保衛生紙-20抽x36包-箱購/p/BP_170325,20抽x36包,,
舒潔濕式衛生紙40抽3包,159,https://medias.watsons.com.tw/publishing/WTCTW-117143-front-prodcat.jpg?version=1730930537,https://www.watsons.com.tw//舒潔濕式衛生紙40抽3包/p/BP_117143,40抽3包,15x18x11cm,570 g
倍潔雅抽取式衛生紙100抽8包,89,https://medias.watsons.com.tw/publishing/WTCTW-298559-front-prodcat.jpg?version=1740762793,https://www.watsons.com.tw//倍潔雅抽取式衛生紙100抽8包/p/BP_298559,100抽8包,30x9.5x35cm,780 g
【春風】平版衛生紙 300張6包/串,209,https://medias.watsons.com.tw/publishing/WTCTW-259961-front-prodcat.jpg?version=1711053524,https://www.watsons.com.tw//【春風】平版衛生紙-300張6包-串/p/BP_259961,300張6包,,
婦潔 女性濕式衛生紙 10+2抽,59,https://medias.watsons.com.tw/publishing/WTCTW-173068-front-prodcat.jpg?version=1731295765,https://www.watsons.com.tw//婦潔-女性濕式衛生紙-10-2抽/p/BP_173068,,,
舒潔濕式衛生紙10抽x3包,99,https://medias.watsons.com.tw/publishing/WTCTW-113823-front-prodcat.jpg?version=1730860949,https://www.watsons.com.tw//舒潔濕式衛生紙10抽x3包/p/BP_113823,10抽x3包,4x8.5x15cm,150 g
得意抽取衛生紙100抽10包,99,https://medias.watsons.com.tw/publishing/WTCTW-536259-front-prodcat.jpg?version=1726836011,https://www.watsons.com.tw//得意抽取衛生紙100抽10包/p/BP_536259,100抽10包,8.6x39.5x38cm,1061 g
【春風】小超人旅行包衛生紙60抽3包6串-箱購,299,https://medias.watsons.com.tw/publishing/WTCTW-229913-front-prodcat.jpg?version=1711043241,https://www.watsons.com.tw//【春風】小超人旅行包衛生紙60抽3包6串-箱購/p/BP_229913,60抽3包6串,,
屈臣氏抗菌濕式衛生紙10片X3包,39,https://medias.watsons.com.tw/publishing/WTCTW-244523-front-prodcat.jpg?version=1731723170,https://www.watsons.com.tw//屈臣氏抗菌濕式衛生紙10片x3包/p/BP_244523,10片X3包,14x8x4.5cm,245 g
【春風】Hello Kitty 3層抽取衛生紙 90抽20包3串-箱購,1049,https://medias.watsons.com.tw/publishing/WTCTW-244486-front-prodcat.jpg?version=1711050366,https://www.watsons.com.tw//【春風】hello-kitty-3層抽取衛生紙-90抽20包3串-箱購/p/BP_244486,90抽60包,,
科克蘭 三層抽取式衛生紙 48包24包x2袋,1150,https://medias.watsons.com.tw/publishing/WTCTW-247420-front-prodcat.jpg?version=1711047481,https://www.watsons.com.tw//科克蘭-三層抽取式衛生紙-48包24包x2袋/p/BP_247420,120抽x24包x2袋,,
屈臣氏平版衛生紙300張6入,119,https://medias.watsons.com.tw/publishing/WTCTW-148375-front-prodcat.jpg,https://www.watsons.com.tw//屈臣氏平版衛生紙300張6入/p/BP_148375,6入,30x17x43.6cm,1200 g
屈臣氏抽取式衛生紙110抽10包入,119,https://medias.watsons.com.tw/publishing/WTCTW-148371-front-prodcat.jpg?version=1723050607,https://www.watsons.com.tw//屈臣氏抽取式衛生紙110抽10包入/p/BP_148371,110抽10包入,10.5x39x9.5cm,1615 g
舒潔女性專用濕式衛生紙14抽2包,39,https://medias.watsons.com.tw/publishing/WTCTW-274116-front-prodcat.jpg?version=1731983902,https://www.watsons.com.tw//舒潔女性專用濕式衛生紙14抽2包/p/BP_274116,2包,15x8x1.6cm,80 g
舒潔女性專用濕式衛生紙40抽2包,159,https://medias.watsons.com.tw/publishing/WTCTW-207866-front-prodcat.jpg?version=1731471485,https://www.watsons.com.tw//舒潔女性專用濕式衛生紙40抽2包/p/BP_207866,40抽x2包,7.5x17x10cm,414 g
舒潔棉柔舒適抽取衛生紙(蠶絲蛋白)90抽x8包,159,https://medias.watsons.com.tw/publishing/WTCTW-172969-front-prodcat.jpg?version=1724518212,https://www.watsons.com.tw//舒潔棉柔舒適抽取衛生紙-蠶絲蛋白-90抽x8包/p/BP_172969,90抽8包,34.5x19.3x20cm,945 g
得意抽取式花紋衛生紙100抽10包7串(箱)-箱購,689,https://medias.watsons.com.tw/publishing/WTCTW-107949-front-prodcat.jpg,https://www.watsons.com.tw//得意抽取式花紋衛生紙100抽10包7串-箱-箱購/p/BP_107949,100抽10包7袋(箱),60x40.5x39cm,6943 g
【春風】平版衛生紙柔韌細緻300張6包6串/箱-箱購,850,https://medias.watsons.com.tw/publishing/WTCTW-120956-front-prodcat.jpg?version=1711067696,https://www.watsons.com.tw//【春風】平版衛生紙柔韌細緻300張6包6串-箱-箱購/p/BP_120956,300張6包6串,,
【春風】超細柔抽取式衛生紙110抽*24包*3串/箱-箱購,990,https://medias.watsons.com.tw/publishing/WTCTW-121012-front-prodcat.jpg?version=1711067939,https://www.watsons.com.tw//【春風】超細柔抽取式衛生紙110抽*24包*3串-箱-箱購/p/BP_121012,110抽*24包*3串,,
【百吉牌】平版衛生紙(300張*36包箱),690,https://medias.watsons.com.tw/publishing/WTCTW-104350-front-prodcat.jpg?version=1711064821,https://www.watsons.com.tw//【百吉牌】平版衛生紙-300張*36包箱/p/BP_104350,36PCS/,,
歐芮坦細柔抽取式衛生紙100抽10包入(v.2025),79,https://medias.watsons.com.tw/publishing/WTCTW-299904-front-prodcat.jpg?version=1739120329,https://www.watsons.com.tw//歐芮坦細柔抽取式衛生紙100抽10包入-v.2025/p/BP_299904,100抽10包入,9x39x40cm,1615 g
【蒲公英】環保抽取式衛生紙100抽*12包*6串/箱-箱購,750,https://medias.watsons.com.tw/publishing/WTCTW-137938-front-prodcat.jpg?version=1725382216,https://www.watsons.com.tw//【蒲公英】環保抽取式衛生紙100抽*12包*6串-箱-箱購/p/BP_137938,100抽*12包*6串,,
屈臣氏可沖式袖珍包衛生紙30入,70,https://medias.watsons.com.tw/publishing/WTCTW-156552-front-iUJSJA74-prodcat.png?version=1741458963,https://www.watsons.com.tw//屈臣氏可沖式袖珍包衛生紙30入/p/BP_156552,30入,21.6x7x21.6cm,382 g
屈臣氏平版衛生紙300張6入-6串/箱-箱購,899,https://medias.watsons.com.tw/publishing/WTCTW-229141-front-prodcat.jpg?version=1711042898,https://www.watsons.com.tw//屈臣氏平版衛生紙300張6入-6串-箱-箱購/p/BP_229141,6串/箱,,
百吉牌大捲筒衛生紙-800gx12捲箱,850,https://medias.watsons.com.tw/publishing/WTCTW-107523-front-prodcat.jpg?version=1711065891,https://www.watsons.com.tw//百吉牌大捲筒衛生紙-800gx12捲箱/p/BP_107523,,,
蒲公英環保抽取衛生紙新北市垃圾袋版100抽12包6串/箱-箱購,750,https://medias.watsons.com.tw/publishing/WTCTW-121006-front-prodcat.jpg?version=1711067654,https://www.watsons.com.tw//蒲公英環保抽取衛生紙新北市垃圾袋版100抽12包6串-箱-箱購/p/BP_121006,100抽x12包x6串,,
舒潔雲絨舒適抽取衛生紙90抽8包(季節限定款),149,https://medias.watsons.com.tw/publishing/WTCTW-291045-front-prodcat.jpg?version=1722189015,https://www.watsons.com.tw//舒潔雲絨舒適抽取衛生紙90抽8包-季節限定款/p/BP_291045,110g,32x19x18cm,110 g
SONOA抽取式衛生紙100抽x80包/箱-箱購,990,https://medias.watsons.com.tw/publishing/WTCTW-243132-front-prodcat.jpg?version=1711050339,https://www.watsons.com.tw//sonoa抽取式衛生紙100抽x80包-箱-箱購/p/BP_243132,100抽x80包/箱,,
親柔抽取式衛生紙100抽x72包/箱-箱購,790,https://medias.watsons.com.tw/publishing/WTCTW-245135-front-prodcat.jpg?version=1711051806,https://www.watsons.com.tw//親柔抽取式衛生紙100抽x72包-箱-箱購/p/BP_245135,100抽x72包,,
【春風】超細柔抽取式衛生紙 110抽*72包/箱x2箱組-箱購,1899,https://medias.watsons.com.tw/publishing/WTCTW-170202-front-prodcat.jpg?version=1713751617,https://www.watsons.com.tw//【春風】超細柔抽取式衛生紙-110抽*72包-箱x2箱組-箱購/p/BP_170202,,,
【春風】超細柔抽取式衛生紙 110抽24包/串,399,https://medias.watsons.com.tw/publishing/WTCTW-259944-front-prodcat.jpg?version=1711053519,https://www.watsons.com.tw//【春風】超細柔抽取式衛生紙-110抽24包-串/p/BP_259944,110抽24包,,
倍潔雅抽取式衛生紙100抽8包10袋-箱購,880,https://medias.watsons.com.tw/publishing/WTCTW-303405-front-prodcat.jpg?version=1740244862,https://www.watsons.com.tw//倍潔雅抽取式衛生紙100抽8包10袋-箱購/p/BP_303405,100抽8包10袋,30x9.5x35cm,8530 g
五月花花園版抽取式衛生紙100抽10包,119,https://medias.watsons.com.tw/publishing/WTCTW-213844-front-prodcat.jpg?version=1726824629,https://www.watsons.com.tw//五月花花園版抽取式衛生紙100抽10包/p/BP_213844,串,38x10x38cm,1248 g
屈臣氏抽取式衛生紙100抽8包入(50th Hello Kitty),79,https://medias.watsons.com.tw/publishing/WTCTW-289918-front-prodcat.jpg,https://www.watsons.com.tw//屈臣氏抽取式衛生紙100抽8包入-50th-hello-kitty/p/BP_289918,,,
【春風】彩蝶繽紛抽取式衛生紙 90抽12包2串,359,https://medias.watsons.com.tw/publishing/WTCTW-259936-front-prodcat.jpg?version=1711053519,https://www.watsons.com.tw//【春風】彩蝶繽紛抽取式衛生紙-90抽12包2串/p/BP_259936,90抽12包2串,,
PASEO EDI超純水低敏濕式衛生紙大尺寸攜帶型20抽4包,220,https://medias.watsons.com.tw/publishing/WTCTW-298564-front-prodcat.jpg?version=1738691599,https://www.watsons.com.tw//paseo-edi超純水低敏濕式衛生紙大尺寸攜帶型20抽4包/p/BP_298564,20抽4包,12.5x9x12cm,550 g
得意3層連續抽取式花紋衛生紙100抽6包,79,https://medias.watsons.com.tw/publishing/WTCTW-294821-front-prodcat.jpg?version=1732295735,https://www.watsons.com.tw//得意3層連續抽取式花紋衛生紙100抽6包/p/BP_294821,100抽6包,45x9x38cm,1881.24 g
倍潔雅好韌真3層抽取衛生紙100抽6包,99,https://medias.watsons.com.tw/publishing/WTCTW-298560-front-prodcat.jpg?version=1739034062,https://www.watsons.com.tw//倍潔雅好韌真3層抽取衛生紙100抽6包/p/BP_298560,100抽6包,22.5x9.5x35cm,870 g
【百吉牌】抽取式衛生紙(100抽x80包箱)-箱購,990,https://medias.watsons.com.tw/publishing/WTCTW-104348-front-prodcat.jpg?version=1711064112,https://www.watsons.com.tw//【百吉牌】抽取式衛生紙-100抽x80包箱-箱購/p/BP_104348,80PCS/,,
FSC驗證五月花厚棒抽取式衛生紙90抽10包,219,https://medias.watsons.com.tw/publishing/WTCTW-295310-front-prodcat.jpg?version=1725045611,https://www.watsons.com.tw//fsc驗證五月花厚棒抽取式衛生紙90抽10包/p/BP_295310,90抽10包,40x20x19cm,2186.4 g
舒潔極絨厚4層抽取衛生紙60抽6包(串),129,https://medias.watsons.com.tw/publishing/WTCTW-289271-front-prodcat.jpg?version=1732133506,https://www.watsons.com.tw//舒潔極絨厚4層抽取衛生紙60抽6包-串/p/BP_289271,60抽6包,23x9.5x36cm,790 g
【春風】3層厚手新肌感抽取式衛生紙 100抽x10包x2串,359,https://medias.watsons.com.tw/publishing/WTCTW-259098-front-prodcat.jpg?version=1711053519,https://www.watsons.com.tw//【春風】3層厚手新肌感抽取式衛生紙-100抽x10包x2串/p/BP_259098,10包x2串,,
【春風】捲筒衛生紙(270組*6粒*16串/箱)-箱購,1000,https://medias.watsons.com.tw/publishing/WTCTW-120984-front-prodcat.jpg?version=1711067961,https://www.watsons.com.tw//【春風】捲筒衛生紙-270組*6粒*16串-箱-箱購/p/BP_120984,,,
PASEO 3層柔韌舒適抽取式衛生紙PEFC 100抽6包,115,https://medias.watsons.com.tw/publishing/WTCTW-298563-front-prodcat.jpg?version=1738949876,https://www.watsons.com.tw//paseo-3層柔韌舒適抽取式衛生紙pefc-100抽6包/p/BP_298563,100抽6包,24.6x9.5x38cm,1000 g
百吉牌 平版衛生紙-320抽x6包x6串箱,750,https://medias.watsons.com.tw/publishing/WTCTW-107517-front-prodcat.jpg?version=1711064874,https://www.watsons.com.tw//百吉牌-平版衛生紙-320抽x6包x6串箱/p/BP_107517,,,
百吉牌輕巧包 抽取式衛生紙-120抽*18包*6串箱,1080,https://medias.watsons.com.tw/publishing/WTCTW-107511-front-prodcat.jpg?version=1711064754,https://www.watsons.com.tw//百吉牌輕巧包-抽取式衛生紙-120抽*18包*6串箱/p/BP_107511,,,
屈臣氏抽取式衛生紙110抽x24包x3串-箱購,1015,https://medias.watsons.com.tw/publishing/WTCTW-153259-front-prodcat.jpg?version=1727800821,https://www.watsons.com.tw//屈臣氏抽取式衛生紙110抽x24包x3串-箱購/p/BP_153259,,,
唯潔雅潔淨柔感抽取式衛生紙100抽6包12袋-箱購,716,https://medias.watsons.com.tw/publishing/WTCTW-303404-front-prodcat.jpg?version=1741370007,https://www.watsons.com.tw//唯潔雅潔淨柔感抽取式衛生紙100抽6包12袋-箱購/p/BP_303404,,,
百吉牌滿柔 抽取式衛生紙-110抽x12包x6串箱,900,https://medias.watsons.com.tw/publishing/WTCTW-107519-front-prodcat.jpg?version=1711065879,https://www.watsons.com.tw//百吉牌滿柔-抽取式衛生紙-110抽x12包x6串箱/p/BP_107519,,,
【百吉牌】抽取式衛生紙(130抽x12包x6串箱)-箱購,1120,https://medias.watsons.com.tw/publishing/WTCTW-104354-front-prodcat.jpg?version=1711066280,https://www.watsons.com.tw//【百吉牌】抽取式衛生紙-130抽x12包x6串箱-箱購/p/BP_104354,6 PCS/,,
歐芮坦細柔抽取式衛生紙100抽10包入-7串/箱-箱購,699,https://medias.watsons.com.tw/publishing/WTCTW-182380-front-prodcat.jpg?version=1732726254,https://www.watsons.com.tw//歐芮坦細柔抽取式衛生紙100抽10包入-7串-箱-箱購/p/BP_182380,7串/箱,,
elleair除(抑)臭+天然淨味捲筒衛生紙清雅微香型12捲入,249,https://medias.watsons.com.tw/publishing/WTCTW-240764-front-prodcat.jpg?version=1726852246,https://www.watsons.com.tw//elleair除-抑-臭-天然淨味捲筒衛生紙清雅微香型12捲入/p/BP_240764,12捲/袋,34.2x20.4x20.4cm,1066 g
百吉牌超厚加長型 抽取式衛生紙225g (6包x8串箱),890,https://medias.watsons.com.tw/publishing/WTCTW-107507-front-prodcat.jpg?version=1711066887,https://www.watsons.com.tw//百吉牌超厚加長型-抽取式衛生紙225g-6包x8串箱/p/BP_107507,,,
【拭拭樂】拭拭樂濕拭衛生紙  (46抽x24包/箱)—箱購-箱購,888,https://medias.watsons.com.tw/publishing/WTCTW-170313-front-prodcat.jpg?version=1711054941,https://www.watsons.com.tw//【拭拭樂】拭拭樂濕拭衛生紙-46抽x24包-箱-—箱購-箱購/p/BP_170313,組,,
屈臣氏X蒲公英 不砍樹環保抽取式衛生紙100抽10包入,99,https://medias.watsons.com.tw/publishing/WTCTW-241688-front-prodcat.jpg,https://www.watsons.com.tw//屈臣氏x蒲公英-不砍樹環保抽取式衛生紙100抽10包入/p/BP_241688,100抽10包入,1x1x1cm,1615 g
屈臣氏X蒲公英 不砍樹環保抽取式衛生紙130抽X84包-箱購,1199,https://medias.watsons.com.tw/publishing/WTCTW-241675-front-prodcat.jpg?version=1737566902,https://www.watsons.com.tw//屈臣氏x蒲公英-不砍樹環保抽取式衛生紙130抽x84包-箱購/p/BP_241675,130抽X84包,,
屈臣氏抽取式衛生紙130抽x84包(屈動更好地球限定版)-箱購,999,https://medias.watsons.com.tw/publishing/WTCTW-235254-front-prodcat.jpg?version=1726936828,https://www.watsons.com.tw//屈臣氏抽取式衛生紙130抽x84包-屈動更好地球限定版-箱購/p/BP_235254,84包,,
【悅拭美】濕拭衛生紙(舒密潔膚專用)12抽x48包/箱-箱購,1299,https://medias.watsons.com.tw/publishing/WTCTW-152918-front-prodcat.jpg?version=1711038972,https://www.watsons.com.tw//【悅拭美】濕拭衛生紙-舒密潔膚專用-12抽x48包-箱-箱購/p/BP_152918,12抽x48包/箱,,
屈臣氏多用途濕紙巾90片(含酒精),79,https://medias.watsons.com.tw/publishing/WTCTW-246991-front-prodcat.jpg?version=1731672663,https://www.watsons.com.tw//屈臣氏多用途濕紙巾90片-含酒精/p/BP_246991,,,
屈臣氏多用途濕紙巾10片3入(含酒精),39,https://medias.watsons.com.tw/publishing/WTCTW-246990-front-prodcat.jpg?version=1731662898,https://www.watsons.com.tw//屈臣氏多用途濕紙巾10片3入-含酒精/p/BP_246990,10片3入,16x9x4.5cm,156 g
屈臣氏潔膚柔濕巾10片3包入-海洋,39,https://medias.watsons.com.tw/publishing/WTCTW-221723-front-prodcat.jpg?version=1731478612,https://www.watsons.com.tw//屈臣氏潔膚柔濕巾10片3包入-海洋/p/BP_221723,,,
屈臣氏潔膚柔濕巾80抽-綠茶清香,49,https://medias.watsons.com.tw/publishing/WTCTW-221740-front-prodcat.jpg?version=1731474382,https://www.watsons.com.tw//屈臣氏潔膚柔濕巾80抽-綠茶清香/p/BP_221740,80抽,11x16.5x5cm,417 g
屈臣氏潔膚柔濕巾80抽-小蒼蘭,49,https://medias.watsons.com.tw/publishing/WTCTW-234794-front-prodcat.jpg?version=1731610948,https://www.watsons.com.tw//屈臣氏潔膚柔濕巾80抽-小蒼蘭/p/BP_234794,80抽,11x16.5x5cm,417 g
屈臣氏抗菌潔淨柔濕巾20片3入,49,https://medias.watsons.com.tw/publishing/WTCTW-225997-front-prodcat.jpg?version=1731619039,https://www.watsons.com.tw//屈臣氏抗菌潔淨柔濕巾20片3入/p/BP_225997,20片3入,10x8x12.5cm,40 g
【拭拭樂】拭拭樂濕拭衛生紙-可丟馬桶(46抽x12包/箱)-箱購-箱購,599,https://medias.watsons.com.tw/publishing/WTCTW-187567-front-prodcat.jpg?version=1713751864,https://www.watsons.com.tw//【拭拭樂】拭拭樂濕拭衛生紙-可丟馬桶-46抽x12包-箱-箱購-箱購/p/BP_187567,46抽x12包/箱,,
屈臣氏潔膚柔濕巾10片3包入-薰衣草,39,https://medias.watsons.com.tw/publishing/WTCTW-221719-front-prodcat.jpg?version=1731478627,https://www.watsons.com.tw//屈臣氏潔膚柔濕巾10片3包入-薰衣草/p/BP_221719,10片3包,12x16x6cm,153 g
屈臣氏潔膚柔濕巾10片3包入-櫻花,39,https://medias.watsons.com.tw/publishing/WTCTW-221721-front-prodcat.jpg?version=1731478607,https://www.watsons.com.tw//屈臣氏潔膚柔濕巾10片3包入-櫻花/p/BP_221721,10片3包,12x16x6cm,153 g
屈臣氏潔膚柔濕巾10片3包入-綠茶,39,https://medias.watsons.com.tw/publishing/WTCTW-221731-front-prodcat.jpg?version=1731474387,https://www.watsons.com.tw//屈臣氏潔膚柔濕巾10片3包入-綠茶/p/BP_221731,,,
屈臣氏潔膚柔濕巾10片3包入-小蒼蘭,39,https://medias.watsons.com.tw/publishing/WTCTW-234799-front-prodcat.jpg?version=1731610987,https://www.watsons.com.tw//屈臣氏潔膚柔濕巾10片3包入-小蒼蘭/p/BP_234799,10片3包入,12x16x6cm,153 g
極淨適 抗菌酒精擦濕巾50抽,65,https://medias.watsons.com.tw/publishing/WTCTW-235003-front-prodcat.jpg?version=1731601768,https://www.watsons.com.tw//極淨適-抗菌酒精擦濕巾50抽/p/BP_235003,50抽,3.5x21x11.5cm,230 g
屈臣氏潔膚柔濕巾80抽-純水,49,https://medias.watsons.com.tw/publishing/WTCTW-262741-front-prodcat.jpg?version=1732020526,https://www.watsons.com.tw//屈臣氏潔膚柔濕巾80抽-純水/p/BP_262741,,,
屈臣氏涼感體用柔濕巾10入,49,https://medias.watsons.com.tw/publishing/WTCTW-210851-front-prodcat.jpg?version=1731467491,https://www.watsons.com.tw//屈臣氏涼感體用柔濕巾10入/p/BP_210851,10入,16x11x2cm,79 g
屈臣氏純水無香濕紙巾80抽(50th Hello Kitty),39,https://medias.watsons.com.tw/publishing/WTCTW-289920-front-prodcat.jpg?version=1732133536,https://www.watsons.com.tw//屈臣氏純水無香濕紙巾80抽-50th-hello-kitty/p/BP_289920,,,
屈臣氏廚房萬用紙巾66組6捲-4串/箱-箱購,599,https://medias.watsons.com.tw/publishing/WTCTW-229148-front-prodcat.jpg?version=1711042900,https://www.watsons.com.tw//屈臣氏廚房萬用紙巾66組6捲-4串-箱-箱購/p/BP_229148,,,
【春風】皇室典藏盒裝面紙200抽*5盒*10串/箱-箱購,1299,https://medias.watsons.com.tw/publishing/WTCTW-121033-front-prodcat.jpg?version=1711040927,https://www.watsons.com.tw//【春風】皇室典藏盒裝面紙200抽*5盒*10串-箱-箱購/p/BP_121033,200抽*5盒*10串/箱,,
絲花 無酒精除菌99%濕巾外出包20片,29,https://medias.watsons.com.tw/publishing/WTCTW-234982-front-prodcat.jpg?version=1731580330,https://www.watsons.com.tw//絲花-無酒精除菌99-濕巾外出包20片/p/BP_234982,每包20片,2.5x7.5x14.5cm,105 g
屈臣氏潔膚柔濕巾9入(50th Hello Kitty),69,https://medias.watsons.com.tw/publishing/WTCTW-289921-front-prodcat.jpg?version=1732100790,https://www.watsons.com.tw//屈臣氏潔膚柔濕巾9入-50th-hello-kitty/p/BP_289921,,,
屈臣氏無香嬰兒柔濕巾20片(柴犬工房),15,https://medias.watsons.com.tw/publishing/WTCTW-289922-front-prodcat.jpg?version=1732100817,https://www.watsons.com.tw//屈臣氏無香嬰兒柔濕巾20片-柴犬工房/p/BP_289922,20片,15.5x8x2.5cm,118 g
屈臣氏抗菌潔淨柔濕巾20片(粉圓點),15,https://medias.watsons.com.tw/publishing/WTCTW-270575-front-prodcat.jpg?version=1731989980,https://www.watsons.com.tw//屈臣氏抗菌潔淨柔濕巾20片-粉圓點/p/BP_270575,20片,3x8x12.5cm,13 g
日本白元極凍涼感濕紙巾-薄荷香(30入),299,https://medias.watsons.com.tw/publishing/WTCTW-289370-front-prodcat.jpg?version=1732124216,https://www.watsons.com.tw//日本白元極凍涼感濕紙巾-薄荷香-30入/p/BP_289370,,,
立得清酒精擦濕巾90抽,109,https://medias.watsons.com.tw/publishing/WTCTW-129471-front-prodcat.jpg?version=1730954238,https://www.watsons.com.tw//立得清酒精擦濕巾90抽/p/BP_129471,,,
屈臣氏潔膚柔濕巾10片3包入(柴犬工房),39,https://medias.watsons.com.tw/publishing/WTCTW-293194-front-prodcat.jpg?version=1732112656,https://www.watsons.com.tw//屈臣氏潔膚柔濕巾10片3包入-柴犬工房/p/BP_293194,10片3包入,12x16x6cm,150 g
屈臣氏純水無香濕紙巾80抽(Line Friends Fruit),39,https://medias.watsons.com.tw/publishing/WTCTW-295399-front-prodcat.jpg?version=1732116830,https://www.watsons.com.tw//屈臣氏純水無香濕紙巾80抽-line-friends-fruit/p/BP_295399,80抽,11x16.5x5cm,417 g
屈臣氏抗菌潔淨柔濕巾20片(藍圓點),15,https://medias.watsons.com.tw/publishing/WTCTW-295401-front-prodcat.jpg?version=1733562611,https://www.watsons.com.tw//屈臣氏抗菌潔淨柔濕巾20片-藍圓點/p/BP_295401,,,
屈臣氏抗菌潔淨柔濕巾20片(粉圓點),15,https://medias.watsons.com.tw/publishing/WTCTW-295402-front-prodcat.jpg?version=1733549349,https://www.watsons.com.tw//屈臣氏抗菌潔淨柔濕巾20片-粉圓點/p/BP_295402,,,
屈臣氏抗菌潔淨柔濕巾20片(黃圓點),15,https://medias.watsons.com.tw/publishing/WTCTW-295404-front-prodcat.jpg?version=1733562835,https://www.watsons.com.tw//屈臣氏抗菌潔淨柔濕巾20片-黃圓點/p/BP_295404,,,
屈臣氏抗菌潔淨柔濕巾20片(綠圓點),15,https://medias.watsons.com.tw/publishing/WTCTW-295400-front-prodcat.jpg?version=1733562913,https://www.watsons.com.tw//屈臣氏抗菌潔淨柔濕巾20片-綠圓點/p/BP_295400,,,
貝恩潔膚抗菌柔濕巾30抽,55,https://medias.watsons.com.tw/publishing/WTCTW-214632-front-prodcat.jpg?version=1731484575,https://www.watsons.com.tw//貝恩潔膚抗菌柔濕巾30抽/p/BP_214632,30抽,15x8.5x4cm,180 g
舒潔濕式面紙15抽 (新舊包裝隨機出貨),39,https://medias.watsons.com.tw/publishing/WTCTW-101080-front-prodcat.jpg?version=1733562067,https://www.watsons.com.tw//舒潔濕式面紙15抽-新舊包裝隨機出貨/p/BP_101080,15抽,14x8x6cm,117 g
康乃馨潔膚濕巾80片(限量設計款),89,https://medias.watsons.com.tw/publishing/WTCTW-300175-front-prodcat.jpg?version=1733676896,https://www.watsons.com.tw//康乃馨潔膚濕巾80片-限量設計款/p/BP_300175,80片,9x17x6.7cm,600 g
立得清 酒精擦濕巾35抽2包,89,https://medias.watsons.com.tw/publishing/WTCTW-235403-front-prodcat.jpg?version=1731616237,https://www.watsons.com.tw//立得清-酒精擦濕巾35抽2包/p/BP_235403,35抽2入組,11x13x8cm,407 g
康乃馨涼爽潔膚濕巾10片3+1包,69,https://medias.watsons.com.tw/publishing/WTCTW-275932-front-prodcat.jpg?version=1732025663,https://www.watsons.com.tw//康乃馨涼爽潔膚濕巾10片3-1包/p/BP_275932,10片X3+1包,14x8.5x7cm,30 g
立得清酒精擦濕巾10抽3入,59,https://medias.watsons.com.tw/publishing/WTCTW-159580-front-prodcat.jpg?version=1731031903,https://www.watsons.com.tw//立得清酒精擦濕巾10抽3入/p/BP_159580,10抽3入,5.5x18x12cm,158 g
屈臣氏廚房用紙巾66組6捲入,99,https://medias.watsons.com.tw/publishing/WTCTW-148374-front-prodcat.jpg?version=1731036894,https://www.watsons.com.tw//屈臣氏廚房用紙巾66組6捲入/p/BP_148374,66組6捲入,37.8x25.2x22cm,930 g
DOUBLE CARE加護抗菌潔膚巾20片,39,https://medias.watsons.com.tw/publishing/WTCTW-100050-front-prodcat.jpg?version=1730842264,https://www.watsons.com.tw//double-care加護抗菌潔膚巾20片/p/BP_100050,20'S,7x10.6x3.5cm,150 g
優生酒精濕巾超厚型8抽3入,49,https://medias.watsons.com.tw/publishing/WTCTW-290953-front-prodcat.jpg?version=1732134592,https://www.watsons.com.tw//優生酒精濕巾超厚型8抽3入/p/BP_290953,8抽3入,2.5x8.8x19cm,123 g
【春風】一秒抽取式廚房紙巾 120抽*3包*4串/箱*2-箱購,740,https://medias.watsons.com.tw/publishing/WTCTW-245345-front-prodcat.jpg?version=1713783575,https://www.watsons.com.tw//【春風】一秒抽取式廚房紙巾-120抽*3包*4串-箱*2-箱購/p/BP_245345,廚房紙巾 120抽*3包*4串*2箱,,
優生酒精濕巾超厚型80抽,89,https://medias.watsons.com.tw/publishing/WTCTW-210835-front-prodcat.jpg?version=1731523199,https://www.watsons.com.tw//優生酒精濕巾超厚型80抽/p/BP_210835,,16x11x7.5cm,552 g
Baby Naturals by Watsons 99%抗菌柔濕巾80片,55,https://medias.watsons.com.tw/publishing/WTCTW-248591-front-prodcat.jpg?version=1731725069,https://www.watsons.com.tw//baby-naturals-by-watsons-99-抗菌柔濕巾80片/p/BP_248591,80片,16x11x6cm,500 g
舒潔淨99抗菌濕巾10抽*3入,99,https://medias.watsons.com.tw/publishing/WTCTW-103054-front-prodcat.jpg?version=1730822247,https://www.watsons.com.tw//舒潔淨99抗菌濕巾10抽*3入/p/BP_103054,10抽X3入,5x8x13cm,188 g
沙威隆清爽抗菌濕巾80抽,69,https://medias.watsons.com.tw/publishing/WTCTW-185950-front-prodcat.jpg?version=1731444928,https://www.watsons.com.tw//沙威隆清爽抗菌濕巾80抽/p/BP_185950,,,
水神餐用與日常用品清潔濕巾3入組,89,https://medias.watsons.com.tw/publishing/WTCTW-299869-front-prodcat.jpg?version=1733550555,https://www.watsons.com.tw//水神餐用與日常用品清潔濕巾3入組/p/BP_299869,10抽/包x3包,18x9x6cm,100 g
我的心機 抗菌酒精濕巾20抽,58,https://medias.watsons.com.tw/publishing/WTCTW-179291-front-prodcat.jpg?version=1731300827,https://www.watsons.com.tw//我的心機-抗菌酒精濕巾20抽/p/BP_179291,1個,13.5x10.3x3cm,110 g
貝恩嬰兒保養柔濕巾80抽x3包,189,https://medias.watsons.com.tw/publishing/WTCTW-214608-front-prodcat.jpg?version=1731484640,https://www.watsons.com.tw//貝恩嬰兒保養柔濕巾80抽x3包/p/BP_214608,80抽x3包,16x11.5x19.5cm,1740 g
屈臣氏純淨無香嬰兒柔濕巾90片,89,https://medias.watsons.com.tw/publishing/WTCTW-247630-front-cZBr4BGE-prodcat.png?version=1741459115,https://www.watsons.com.tw//屈臣氏純淨無香嬰兒柔濕巾90片/p/BP_247630,90片,21x10.5x6.2cm,530 g
屈臣氏手口專用嬰兒柔濕巾90片,89,https://medias.watsons.com.tw/publishing/WTCTW-247635-front-qyGeIHjL-prodcat.png?version=1741459098,https://www.watsons.com.tw//屈臣氏手口專用嬰兒柔濕巾90片/p/BP_247635,,,
屈臣氏手口專用嬰兒柔濕巾20片,15,https://medias.watsons.com.tw/publishing/WTCTW-247628-front-prodcat.jpg?version=1731724808,https://www.watsons.com.tw//屈臣氏手口專用嬰兒柔濕巾20片/p/BP_247628,20片,15.5x8x2.5cm,118 g
櫻桃小丸子純水潔淨柔濕紙巾(有蓋)80抽,49,https://medias.watsons.com.tw/publishing/WTCTW-290970-front-prodcat.jpg?version=1732140981,https://www.watsons.com.tw//櫻桃小丸子純水潔淨柔濕紙巾-有蓋-80抽/p/BP_290970,80抽,7x20x11cm,646 g
【春風】擦手紙150抽20包/箱-箱購,699,https://medias.watsons.com.tw/publishing/WTCTW-120976-front-prodcat.jpg?version=1711040923,https://www.watsons.com.tw//【春風】擦手紙150抽20包-箱-箱購/p/BP_120976,,,
立得清 抗菌.抗病毒濕巾(全面防護)50抽/包,69,https://medias.watsons.com.tw/publishing/WTCTW-284162-front-prodcat.jpg?version=1732099629,https://www.watsons.com.tw//立得清-抗菌.抗病毒濕巾-全面防護-50抽-包/p/BP_284162,50枚,6x10x23cm,487 g
好奇嬰兒潔淨濕巾迪士尼厚型80抽(附蓋),59,https://medias.watsons.com.tw/publishing/WTCTW-292470-front-prodcat.jpg?version=1732137872,https://www.watsons.com.tw//好奇嬰兒潔淨濕巾迪士尼厚型80抽-附蓋/p/BP_292470,489g,10x19x8.5cm,489 g
屈臣氏手口專用嬰兒柔濕巾20片3包,45,https://medias.watsons.com.tw/publishing/WTCTW-247625-front-prodcat.jpg?version=1731725138,https://www.watsons.com.tw//屈臣氏手口專用嬰兒柔濕巾20片3包/p/BP_247625,20片3包,15x8x7.5cm,355 g
屈臣氏純淨無香嬰兒柔濕巾(加厚型)80片,49,https://medias.watsons.com.tw/publishing/WTCTW-247627-front-prodcat.jpg?version=1731711079,https://www.watsons.com.tw//屈臣氏純淨無香嬰兒柔濕巾-加厚型-80片/p/BP_247627,,,
屈臣氏純淨無香嬰兒柔濕巾20片3包,45,https://medias.watsons.com.tw/publishing/WTCTW-247629-front-prodcat.jpg?version=1731710952,https://www.watsons.com.tw//屈臣氏純淨無香嬰兒柔濕巾20片3包/p/BP_247629,20片3包,15x8x7.5cm,355 g
屈臣氏手口專用嬰兒柔濕巾(加厚型)80片,49,https://medias.watsons.com.tw/publishing/WTCTW-247619-front-prodcat.jpg?version=1731724742,https://www.watsons.com.tw//屈臣氏手口專用嬰兒柔濕巾-加厚型-80片/p/BP_247619,80片,21x10.5x5.5cm,562 g
好奇純水嬰兒濕巾加厚型 70抽_季節性包裝,79,https://medias.watsons.com.tw/publishing/WTCTW-219489-front-prodcat.jpg?version=1731502127,https://www.watsons.com.tw//好奇純水嬰兒濕巾加厚型-70抽_季節性包裝/p/BP_219489,70抽,16x11x4.5cm,428 g
拭拭樂酒精擦拭巾60抽12包入-箱購,799,https://medias.watsons.com.tw/publishing/WTCTW-238242-front-prodcat.jpg?version=1711047524,https://www.watsons.com.tw//拭拭樂酒精擦拭巾60抽12包入-箱購/p/BP_238242,拭拭樂酒精擦拭巾60抽12包入,18x18x18cm,1500 g
拭拭樂酒精擦拭巾10抽72包-箱購,899,https://medias.watsons.com.tw/publishing/WTCTW-238256-front-prodcat.jpg?version=1711047512,https://www.watsons.com.tw//拭拭樂酒精擦拭巾10抽72包-箱購/p/BP_238256,10抽72包,15x15x15cm,1500 g
婦潔 生理潔舒巾 12片/包,45,https://medias.watsons.com.tw/publishing/WTCTW-567842-front-prodcat.jpg?version=1732165323,https://www.watsons.com.tw//婦潔-生理潔舒巾-12片-包/p/BP_567842,12P,2.2x7.8x16.7cm,75.3 g
屈臣氏袖珍面紙10抽30入,70,https://medias.watsons.com.tw/publishing/WTCTW-226039-front-YWjl1C3V-prodcat.png?version=1741458754,https://www.watsons.com.tw//屈臣氏袖珍面紙10抽30入/p/BP_226039,30入,21.6x7x21.6cm,382 g
菲力寶寶超純水嬰兒濕紙巾80抽3包(附蓋),169,https://medias.watsons.com.tw/publishing/WTCTW-261852-front-prodcat.jpg?version=1732016952,https://www.watsons.com.tw//菲力寶寶超純水嬰兒濕紙巾80抽3包-附蓋/p/BP_261852,80抽*3包,7x10x16cm,1429 g
Baby Naturals by Watsons 99%純水柔濕巾80片,55,https://medias.watsons.com.tw/publishing/WTCTW-248589-front-prodcat.jpg?version=1731725367,https://www.watsons.com.tw//baby-naturals-by-watsons-99-純水柔濕巾80片/p/BP_248589,80片,22x10x7.5cm,460 g
【春風】超吸收廚房紙巾 120組*6捲*8串/箱-箱購,800,https://medias.watsons.com.tw/publishing/WTCTW-120966-front-prodcat.jpg?version=1711040922,https://www.watsons.com.tw//【春風】超吸收廚房紙巾-120組*6捲*8串-箱-箱購/p/BP_120966,120張*6捲*8串,,
屈臣氏旅行包面紙100抽3包(鳳梨西瓜),99,https://medias.watsons.com.tw/publishing/WTCTW-225999-front-prodcat.jpg?version=1731577065,https://www.watsons.com.tw//屈臣氏旅行包面紙100抽3包-鳳梨西瓜/p/BP_225999,3包,15x10x9cm,65.8 g
屈臣氏袖珍面紙10抽28入(柴犬工房),49,https://medias.watsons.com.tw/publishing/WTCTW-291646-front-prodcat.jpg?version=1732137099,https://www.watsons.com.tw//屈臣氏袖珍面紙10抽28入-柴犬工房/p/BP_291646,10抽28入,21.6x7x21.6cm,382 g
TS6私密護膚柔濕巾-沁涼(2包入),121,https://medias.watsons.com.tw/publishing/WTCTW-278855-front-prodcat.jpg?version=1732070591,https://www.watsons.com.tw//ts6私密護膚柔濕巾-沁涼-2包入/p/BP_278855,10張X2包,14x10.5x4cm,33 g
屈臣氏純淨無香嬰兒柔濕巾(加厚型)80片-12包/箱-箱購,349,https://medias.watsons.com.tw/publishing/WTCTW-270576-front-prodcat.jpg?version=1739464869,https://www.watsons.com.tw//屈臣氏純淨無香嬰兒柔濕巾-加厚型-80片-12包-箱-箱購/p/BP_270576,12包/箱,36x23.5x19cm,6750 g
屈臣氏手口專用嬰兒柔濕巾(加厚型)80片-12包/箱-箱購,349,https://medias.watsons.com.tw/publishing/WTCTW-270579-front-prodcat.jpg?version=1739464928,https://www.watsons.com.tw//屈臣氏手口專用嬰兒柔濕巾-加厚型-80片-12包-箱-箱購/p/BP_270579,12包/箱,36x23.5x19cm,6750 g
拭拭樂 超純水潔膚柔濕巾20抽x36包-小綿羊便利包-箱購,749,https://medias.watsons.com.tw/publishing/WTCTW-238852-front-prodcat.jpg?version=1711047651,https://www.watsons.com.tw//拭拭樂-超純水潔膚柔濕巾20抽x36包-小綿羊便利包-箱購/p/BP_238852,20抽x36包,,
拭拭樂 超大超厚嬰兒超純水柔濕紙巾60抽x24包-便利保濕蓋-箱購,869,https://medias.watsons.com.tw/publishing/WTCTW-238875-front-prodcat.jpg?version=1711047651,https://www.watsons.com.tw//拭拭樂-超大超厚嬰兒超純水柔濕紙巾60抽x24包-便利保濕蓋-箱購/p/BP_238875,60抽x24包,,
拭拭樂 超厚嬰兒抗菌柔濕巾80抽x12包-巧扣立保潔蓋-箱購,649,https://medias.watsons.com.tw/publishing/WTCTW-238860-front-prodcat.jpg?version=1711047681,https://www.watsons.com.tw//拭拭樂-超厚嬰兒抗菌柔濕巾80抽x12包-巧扣立保潔蓋-箱購/p/BP_238860,80抽x12包,,
屈臣氏廚房萬用紙巾112組6捲入(Mr Giraffe),69,https://medias.watsons.com.tw/publishing/WTCTW-246988-front-prodcat.jpg?version=1741366387,https://www.watsons.com.tw//屈臣氏廚房萬用紙巾112組6捲入-mr-giraffe/p/BP_246988,,,
屈臣氏手口專用嬰兒柔濕巾20片6包,69,https://medias.watsons.com.tw/publishing/WTCTW-247631-front-prodcat.jpg?version=1731728755,https://www.watsons.com.tw//屈臣氏手口專用嬰兒柔濕巾20片6包/p/BP_247631,20片6包,15.5x8x15cm,708 g
雪曼妮美妝潔膚巾80抽-乾濕兩用,89,https://medias.watsons.com.tw/publishing/WTCTW-207864-front-prodcat.jpg?version=1731493549,https://www.watsons.com.tw//雪曼妮美妝潔膚巾80抽-乾濕兩用/p/BP_207864,80張,7x17x9.5cm,145 g
USBABY優生 柔濕巾80抽(附蓋子) (顏色隨機出貨),59,https://medias.watsons.com.tw/publishing/WTCTW-121049-front-prodcat.jpg?version=1730895860,https://www.watsons.com.tw//usbaby優生-柔濕巾80抽-附蓋子-顏色隨機出貨/p/BP_121049,80抽(附蓋子) (顏色隨機出貨),10x15.5x5.2cm,600 g
屈臣氏廚房萬用紙巾112組6捲入(柴犬工房),99,https://medias.watsons.com.tw/publishing/WTCTW-291645-front-prodcat.jpg?version=1721244012,https://www.watsons.com.tw//屈臣氏廚房萬用紙巾112組6捲入-柴犬工房/p/BP_291645,112組6捲入,37.8x25.2x22cm,930 g
好奇純水嬰兒濕巾(迪士尼限定版)加厚型70抽18包(箱)_圖案隨機出貨-箱購,699,https://medias.watsons.com.tw/publishing/WTCTW-204240-front-prodcat.jpg?version=1726821010,https://www.watsons.com.tw//好奇純水嬰兒濕巾-迪士尼限定版-加厚型70抽18包-箱-_圖案隨機出貨-箱購/p/BP_204240,70抽18包,35.5x34.5x18.6cm,7700 g
Baby Naturals by Watsons 99%純水柔濕巾80片-20包/箱-箱購,699,https://medias.watsons.com.tw/publishing/WTCTW-270577-front-prodcat.jpg,https://www.watsons.com.tw//baby-naturals-by-watsons-99-純水柔濕巾80片-20包-箱-箱購/p/BP_270577,20包/箱,46.5x22.5x28cm,9200 g
屈臣氏抽取式廚房萬用紙巾100抽3包入,69,https://medias.watsons.com.tw/publishing/WTCTW-220831-front-prodcat.jpg?version=1731515932,https://www.watsons.com.tw//屈臣氏抽取式廚房萬用紙巾100抽3包入/p/BP_220831,100抽3包入,1x1x1cm,236 g
【拭拭樂】乾溼二用婦幼潔膚巾 (25枚x36包/箱) 【箱購】-箱購,1099,https://medias.watsons.com.tw/publishing/WTCTW-118606-front-prodcat.jpg?version=1711040915,https://www.watsons.com.tw//【拭拭樂】乾溼二用婦幼潔膚巾-25枚x36包-箱-【箱購】-箱購/p/BP_118606,25抽x36包/箱,,
屈臣氏加厚型嬰兒柔濕巾80抽超值組合(純淨無香x2+手口專用x2),436,https://medias.watsons.com.tw/publishing/WTCTW-799274-front-prodcat.jpg,https://www.watsons.com.tw//屈臣氏加厚型嬰兒柔濕巾80抽超值組合-純淨無香x2-手口專用x2/p/BP_799274,純淨無香x2包+手口專用x2包,21x10.5x5.5cm,1124 g
大王elleair無漂白超吸收廚房紙巾(50抽/2入),129,https://medias.watsons.com.tw/publishing/WTCTW-240767-front-prodcat.jpg,https://www.watsons.com.tw//大王elleair無漂白超吸收廚房紙巾-50抽-2入/p/BP_240767,2捲/袋,10.7x20.5x22.8cm,249 g
【拭拭樂】茶樹抗菌柔濕巾-超厚版  (80抽x12包/箱)-箱購,629,https://medias.watsons.com.tw/publishing/WTCTW-117851-front-prodcat.jpg?version=1711041389,https://www.watsons.com.tw//【拭拭樂】茶樹抗菌柔濕巾-超厚版-80抽x12包-箱-箱購/p/BP_117851,12包入,,
【拭拭樂】嬰兒超純水柔濕紙巾 (85抽x36包)-箱購,899,https://medias.watsons.com.tw/publishing/WTCTW-117844-front-prodcat.jpg?version=1711041390,https://www.watsons.com.tw//【拭拭樂】嬰兒超純水柔濕紙巾-85抽x36包-箱購/p/BP_117844,85抽x36包,,
【拭拭樂】防蚊清爽潔膚巾 (20抽x24包/箱)—箱購,999,https://medias.watsons.com.tw/publishing/WTCTW-117816-front-prodcat.jpg?version=1711055830,https://www.watsons.com.tw//【拭拭樂】防蚊清爽潔膚巾-20抽x24包-箱-—箱購/p/BP_117816,20抽x24包/箱,,
【拭拭樂】乾濕兩用紗布毛巾 (80枚x8盒/箱)—箱購-箱購,539,https://medias.watsons.com.tw/publishing/WTCTW-117813-front-prodcat.jpg?version=1711072995,https://www.watsons.com.tw//【拭拭樂】乾濕兩用紗布毛巾-80枚x8盒-箱-—箱購-箱購/p/BP_117813,80枚x8盒/箱,,
得意 廚房紙巾70組6捲,88,https://medias.watsons.com.tw/publishing/WTCTW-135207-front-prodcat.jpg?version=1726786809,https://www.watsons.com.tw//得意-廚房紙巾70組6捲/p/BP_135207,70組6捲,37.5x25x21cm,866.88 g
PASEO 4層精巧手帕紙PEFC 38抽8包,220,https://medias.watsons.com.tw/publishing/WTCTW-298566-front-prodcat.jpg?version=1739724165,https://www.watsons.com.tw//paseo-4層精巧手帕紙pefc-38抽8包/p/BP_298566,38抽8包,13.4x9.6x21.2cm,460 g
【拭拭樂】 嬰兒超純水柔濕巾25抽x36包-便利保濕蓋-箱購,599,https://medias.watsons.com.tw/publishing/WTCTW-117849-front-prodcat.jpg?version=1711055816,https://www.watsons.com.tw//【拭拭樂】-嬰兒超純水柔濕巾25抽x36包-便利保濕蓋-箱購/p/BP_117849,25抽x36包/箱,,
舒潔袖珍包面紙10抽30包,99,https://medias.watsons.com.tw/publishing/WTCTW-270473-front-prodcat.jpg?version=1732044579,https://www.watsons.com.tw//舒潔袖珍包面紙10抽30包/p/BP_270473,10抽30包,17x21x8cm,340 g
舒潔袖珍包面紙10抽26包,99,https://medias.watsons.com.tw/publishing/WTCTW-247151-front-prodcat.jpg?version=1731709010,https://www.watsons.com.tw//舒潔袖珍包面紙10抽26包/p/BP_247151,10抽26包,17x21x8cm,300 g
【無塵氏】酒精抗菌擦拭巾(80抽x12包)-箱購,649,https://medias.watsons.com.tw/publishing/WTCTW-170324-front-prodcat.jpg?version=1731292171,https://www.watsons.com.tw//【無塵氏】酒精抗菌擦拭巾-80抽x12包-箱購/p/BP_170324,組,,
倍潔雅柔拭萬用紙巾120抽20包,199,https://medias.watsons.com.tw/publishing/WTCTW-298557-front-prodcat.jpg?version=1739466106,https://www.watsons.com.tw//倍潔雅柔拭萬用紙巾120抽20包/p/BP_298557,,,
【拭拭樂】超純水親子熊潔膚巾 (85抽x24包/箱)—箱購-箱購,699,https://medias.watsons.com.tw/publishing/WTCTW-117845-front-prodcat.jpg?version=1711055817,https://www.watsons.com.tw//【拭拭樂】超純水親子熊潔膚巾-85抽x24包-箱-—箱購-箱購/p/BP_117845,85抽x24包/箱,,
酷洛米 麻將紙手帕  - 好友同樂款 (140包/盒),990,https://medias.watsons.com.tw/publishing/WTCTW-299762-front-prodcat.jpg?version=1731655449,https://www.watsons.com.tw//酷洛米-麻將紙手帕-好友同樂款-140包-盒/p/BP_299762,140包/盒,,
【春風】秒吸收廚房紙巾 120張6捲2串,269,https://medias.watsons.com.tw/publishing/WTCTW-259962-front-prodcat.jpg?version=1711053681,https://www.watsons.com.tw//【春風】秒吸收廚房紙巾-120張6捲2串/p/BP_259962,120張6捲2串,,
五月花厚棒袖珍包8抽24包,79,https://medias.watsons.com.tw/publishing/WTCTW-294817-front-prodcat.jpg?version=1732113864,https://www.watsons.com.tw//五月花厚棒袖珍包8抽24包/p/BP_294817,8抽24包,22x17.5x7cm,437.84 g
舒潔濕式面紙15抽3包,99,https://medias.watsons.com.tw/publishing/WTCTW-272970-front-prodcat.jpg?version=1732044621,https://www.watsons.com.tw//舒潔濕式面紙15抽3包/p/BP_272970,15抽3包,9x8x16cm,80 g
【春風】Hello Kitty 袖珍包面紙 10抽30包2串,209,https://medias.watsons.com.tw/publishing/WTCTW-244503-front-prodcat.jpg?version=1725038410,https://www.watsons.com.tw//【春風】hello-kitty-袖珍包面紙-10抽30包2串/p/BP_244503,10抽30包2串,,
【春風】Hello Kitty 袖珍包面紙 10抽30包4串,359,https://medias.watsons.com.tw/publishing/WTCTW-244502-front-prodcat.jpg?version=1725038409,https://www.watsons.com.tw//【春風】hello-kitty-袖珍包面紙-10抽30包4串/p/BP_244502,10抽30包4串,,
百吉牌廚房紙巾-60張x6捲x8串箱,870,https://medias.watsons.com.tw/publishing/WTCTW-107521-front-prodcat.jpg?version=1711065891,https://www.watsons.com.tw//百吉牌廚房紙巾-60張x6捲x8串箱/p/BP_107521,,,
舒潔紙手帕10抽15包 (包裝隨機出貨),99,https://medias.watsons.com.tw/publishing/WTCTW-247162-front-prodcat.jpg?version=1731723111,https://www.watsons.com.tw//舒潔紙手帕10抽15包-包裝隨機出貨/p/BP_247162,10抽15包,28x11x7cm,330 g
REGINAR蕊肌娜抽取式乾濕兩用棉柔巾(珍珠)80抽,89,https://medias.watsons.com.tw/publishing/WTCTW-241681-front-prodcat.jpg?version=1731598498,https://www.watsons.com.tw//reginar蕊肌娜抽取式乾濕兩用棉柔巾-珍珠-80抽/p/BP_241681,80抽/包,20.5x10.5x8.5cm,14.7 g
得意易手抽抽取式廚房紙巾100抽3包,89,https://medias.watsons.com.tw/publishing/WTCTW-295313-front-prodcat.jpg?version=1725045612,https://www.watsons.com.tw//得意易手抽抽取式廚房紙巾100抽3包/p/BP_295313,100抽3包,28.5x10.5x22.8cm,604 g
五月花超強韌廚房紙巾60張6捲,108,https://medias.watsons.com.tw/publishing/WTCTW-100870-front-prodcat.jpg?version=1726764610,https://www.watsons.com.tw//五月花超強韌廚房紙巾60張6捲/p/BP_100870,60張x6,24x35x21.6cm,871 g
五月花厚棒廚房紙巾_超大尺寸60組4捲,139,https://medias.watsons.com.tw/publishing/WTCTW-295311-front-prodcat.jpg?version=1725570609,https://www.watsons.com.tw//五月花厚棒廚房紙巾_超大尺寸60組4捲/p/BP_295311,60組4捲,25x25x28cm,1156 g
五月花 舒敏厚棒袖珍包8抽20包,69,https://medias.watsons.com.tw/publishing/WTCTW-279779-front-prodcat.jpg?version=1732072111,https://www.watsons.com.tw//五月花-舒敏厚棒袖珍包8抽20包/p/BP_279779,8抽20包,22x12.5x10cm,370.7 g
【春風】皇室典藏袖珍包面紙 10抽36包4串,359,https://medias.watsons.com.tw/publishing/WTCTW-259935-front-prodcat.jpg?version=1733245046,https://www.watsons.com.tw//【春風】皇室典藏袖珍包面紙-10抽36包4串/p/BP_259935,10抽36包4串,,
舒潔迪士尼公主袖珍包面紙28包(2022),99,https://medias.watsons.com.tw/publishing/WTCTW-239744-front-prodcat.jpg?version=1731616328,https://www.watsons.com.tw//舒潔迪士尼公主袖珍包面紙28包-2022/p/BP_239744,10抽28包,16x21x8cm,32 g
【春風】Hello Kitty 50周年盒裝面紙150抽*5盒*10串/箱-箱購,1250,https://medias.watsons.com.tw/publishing/WTCTW-125722-front-prodcat.jpg?version=1722098409,https://www.watsons.com.tw//【春風】hello-kitty-50周年盒裝面紙150抽*5盒*10串-箱-箱購/p/BP_125722,,,
百吉牌擦手紙巾-150張x20包箱-箱購,790,https://medias.watsons.com.tw/publishing/WTCTW-107505-front-prodcat.jpg?version=1711065718,https://www.watsons.com.tw//百吉牌擦手紙巾-150張x20包箱-箱購/p/BP_107505,150zha,,
舒潔食安級耐用廚紙大小隨意撕108張6捲,109,https://medias.watsons.com.tw/publishing/WTCTW-143981-front-prodcat.jpg?version=1732725627,https://www.watsons.com.tw//舒潔食安級耐用廚紙大小隨意撕108張6捲/p/BP_143981,,,
百吉牌抽取式廚房紙巾-80抽*6包*8袋 (箱)-箱購,899,https://medias.watsons.com.tw/publishing/WTCTW-106489-front-prodcat.jpg?version=1711069310,https://www.watsons.com.tw//百吉牌抽取式廚房紙巾-80抽*6包*8袋-箱-箱購/p/BP_106489,210*195mm,,
【春風】一秒抽取式廚房紙巾120抽3包4串-箱購,399,https://medias.watsons.com.tw/publishing/WTCTW-188872-front-prodcat.jpg?version=1711082251,https://www.watsons.com.tw//【春風】一秒抽取式廚房紙巾120抽3包4串-箱購/p/BP_188872,120抽3包4串,,
沙威隆清爽潔膚抗菌濕巾-10抽2包入,39,https://medias.watsons.com.tw/publishing/WTCTW-103869-front-prodcat.jpg?version=1730830407,https://www.watsons.com.tw//沙威隆清爽潔膚抗菌濕巾-10抽2包入/p/BP_103869,,,
屈臣氏特大頭棉花棒120支,99,https://medias.watsons.com.tw/publishing/WTCTW-282659-front-prodcat.jpg?version=1732121993,https://www.watsons.com.tw//屈臣氏特大頭棉花棒120支/p/BP_282659,120支,8.3x8.3x8.4cm,84 g
倍潔雅強效吸油大尺寸料理廚房紙巾90組4捲6袋﹘箱購,709,https://medias.watsons.com.tw/publishing/WTCTW-298561-front-prodcat.jpg?version=1739034338,https://www.watsons.com.tw//倍潔雅強效吸油大尺寸料理廚房紙巾90組4捲6袋﹘箱購/p/BP_298561,90組4捲6袋,74.9x50.1x23.7cm,846 g
屈臣氏廚房萬用紙巾112組6捲入(柴犬工房)-4串/箱購,349,https://medias.watsons.com.tw/publishing/WTCTW-301461-front-prodcat.jpg?version=1740589513,https://www.watsons.com.tw//屈臣氏廚房萬用紙巾112組6捲入-柴犬工房-4串-箱購/p/BP_301461,4串/箱購,,
倍潔雅秒抽瞬吸抽取式廚房紙巾100抽3包8袋-箱購,709,https://medias.watsons.com.tw/publishing/WTCTW-298562-front-prodcat.jpg?version=1739553498,https://www.watsons.com.tw//倍潔雅秒抽瞬吸抽取式廚房紙巾100抽3包8袋-箱購/p/BP_298562,100抽3包8袋,61x43x22cm,610 g
屈臣氏雙頭黑棉花棒200支,99,https://medias.watsons.com.tw/publishing/WTCTW-282658-front-prodcat.jpg?version=1732118238,https://www.watsons.com.tw//屈臣氏雙頭黑棉花棒200支/p/BP_282658,,,
MIINE 清秀佳人免洗棉褲(5件入)-L,109,https://medias.watsons.com.tw/publishing/WTCTW-115964-front-prodcat.jpg?version=1730862102,https://www.watsons.com.tw//miine-清秀佳人免洗棉褲-5件入-l/p/BP_115964,5件入,3.3x10.5x15cm,105 g
屈臣氏五層化妝棉80片,69,https://medias.watsons.com.tw/publishing/WTCTW-255501-front-prodcat.jpg?version=1731695234,https://www.watsons.com.tw//屈臣氏五層化妝棉80片/p/BP_255501,80片,16x10.5x6.5cm,101 g
屈臣氏棉花棒200支6包入,79,https://medias.watsons.com.tw/publishing/WTCTW-282656-front-prodcat.jpg?version=1732092558,https://www.watsons.com.tw//屈臣氏棉花棒200支6包入/p/BP_282656,200支6包入,24x10.5x8cm,264 g
屈臣氏棉花棒300支2盒入,59,https://medias.watsons.com.tw/publishing/WTCTW-282657-front-prodcat.jpg?version=1732123043,https://www.watsons.com.tw//屈臣氏棉花棒300支2盒入/p/BP_282657,300支2盒入,18x9x8cm,182 g
屈臣氏壓邊化妝棉100片,29,https://medias.watsons.com.tw/publishing/WTCTW-282663-front-prodcat.jpg?version=1732091651,https://www.watsons.com.tw//屈臣氏壓邊化妝棉100片/p/BP_282663,,,
Pure’n Soft 柔白草本涼感超薄透氣衛生棉23cm 24片,85,https://medias.watsons.com.tw/publishing/WTCTW-296840-front-9vgIEp5f-prodcat.png?version=1741458832,https://www.watsons.com.tw//pure’n-soft-柔白草本涼感超薄透氣衛生棉23cm-24片/p/BP_296840,23cm 24片,11.6x8.2x10cm,150 g
屈臣氏兩用化妝棉棒200支,79,https://medias.watsons.com.tw/publishing/WTCTW-255508-front-prodcat.jpg?version=1731695244,https://www.watsons.com.tw//屈臣氏兩用化妝棉棒200支/p/BP_255508,200支,8.2x3.4x11.7cm,95 g
屈臣氏方形化妝棉150片+60片,69,https://medias.watsons.com.tw/publishing/WTCTW-282664-front-prodcat.jpg?version=1732121978,https://www.watsons.com.tw//屈臣氏方形化妝棉150片-60片/p/BP_282664,150片+60片,12x5x27cm,113 g
屈臣氏柔滑枕包化妝棉80片,59,https://medias.watsons.com.tw/publishing/WTCTW-255502-front-prodcat.jpg?version=1731695199,https://www.watsons.com.tw//屈臣氏柔滑枕包化妝棉80片/p/BP_255502,80片,17x10.5x7.5cm,101 g
屈臣氏圓形壓邊化妝棉80片,79,https://medias.watsons.com.tw/publishing/WTCTW-255498-front-prodcat.jpg?version=1731705674,https://www.watsons.com.tw//屈臣氏圓形壓邊化妝棉80片/p/BP_255498,,,
屈臣氏銀離子棉花棒160支,29,https://medias.watsons.com.tw/publishing/WTCTW-282667-front-prodcat.jpg?version=1732122052,https://www.watsons.com.tw//屈臣氏銀離子棉花棒160支/p/BP_282667,,,
屈臣氏棉花棒200支3入(柴犬工房),49,https://medias.watsons.com.tw/publishing/WTCTW-288585-front-prodcat.jpg?version=1732101597,https://www.watsons.com.tw//屈臣氏棉花棒200支3入-柴犬工房/p/BP_288585,200支3入,11.3x10.5x8cm,240 g
屈臣氏柔淨洗臉巾70片(抽取式),115,https://medias.watsons.com.tw/publishing/WTCTW-296391-front-KoOVeAQm-prodcat.png?version=1741458795,https://www.watsons.com.tw//屈臣氏柔淨洗臉巾70片-抽取式/p/BP_296391,70片,20x11x10cm,263 g
Pure’n Soft 柔白舒適超薄透氣衛生棉23cm 16片2包,99,https://medias.watsons.com.tw/publishing/WTCTW-296838-front-QkXwkpqa-prodcat.png?version=1741458859,https://www.watsons.com.tw//pure’n-soft-柔白舒適超薄透氣衛生棉23cm-16片2包/p/BP_296838,,,
屈臣氏紙纖維化妝棉150片3盒入,85,https://medias.watsons.com.tw/publishing/WTCTW-282661-front-prodcat.jpg?version=1732122534,https://www.watsons.com.tw//屈臣氏紙纖維化妝棉150片3盒入/p/BP_282661,,,
屈臣氏壓邊化妝棉100片3盒入,85,https://medias.watsons.com.tw/publishing/WTCTW-282662-front-prodcat.jpg?version=1732095027,https://www.watsons.com.tw//屈臣氏壓邊化妝棉100片3盒入/p/BP_282662,100片3盒入,17.8x10.5x6.3cm,250 g
屈臣氏雙頭黑棉花棒180支6包入,179,https://medias.watsons.com.tw/publishing/WTCTW-282665-front-prodcat.jpg?version=1732092481,https://www.watsons.com.tw//屈臣氏雙頭黑棉花棒180支6包入/p/BP_282665,180支6包入,10x4x8.5cm,103 g
Pure’n Soft 柔白舒眠抑菌褲型衛生棉 M-L 2片,69,https://medias.watsons.com.tw/publishing/WTCTW-296843-front-n8mycGhJ-prodcat.png?version=1741458830,https://www.watsons.com.tw//pure’n-soft-柔白舒眠抑菌褲型衛生棉-m-l-2片/p/BP_296843,,,
屈臣氏細紙軸嬰兒棉棒160支,49,https://medias.watsons.com.tw/publishing/WTCTW-259791-front-prodcat.jpg?version=1732044402,https://www.watsons.com.tw//屈臣氏細紙軸嬰兒棉棒160支/p/BP_259791,160支,5.5x5.5x8.2cm,40 g
屈臣氏潔膚柔濕巾9入(故宮聯名),69,https://medias.watsons.com.tw/publishing/WTCTW-296837-front-prodcat.jpg?version=1732958547,https://www.watsons.com.tw//屈臣氏潔膚柔濕巾9入-故宮聯名/p/BP_296837,,,
屈臣氏輕薄柔淨洗臉巾10片3包入(抽取式),39,https://medias.watsons.com.tw/publishing/WTCTW-296344-front-prodcat.jpg?version=1741108050,https://www.watsons.com.tw//屈臣氏輕薄柔淨洗臉巾10片3包入-抽取式/p/BP_296344,10片3包入,15.2x10.5x3cm,28 g
屈臣氏淨柔棉花棒200支,59,https://medias.watsons.com.tw/publishing/WTCTW-255509-front-prodcat.jpg?version=1731695194,https://www.watsons.com.tw//屈臣氏淨柔棉花棒200支/p/BP_255509,200支,8.2x3.4x11.7cm,95 g
屈臣氏舒適免洗內褲5入-男XL,119,https://medias.watsons.com.tw/publishing/WTCTW-271920-front-prodcat.jpg?version=1732009446,https://www.watsons.com.tw//屈臣氏舒適免洗內褲5入-男xl/p/BP_271920,5pcs,21x11.5x3cm,112 g
屈臣氏細紙軸嬰兒棉花棒100支4袋,69,https://medias.watsons.com.tw/publishing/WTCTW-259793-front-prodcat.jpg?version=1732031045,https://www.watsons.com.tw//屈臣氏細紙軸嬰兒棉花棒100支4袋/p/BP_259793,100支4袋,5x21x24cm,18 g
Pure’n Soft 柔白舒眠抑菌褲型衛生棉 S-M 2片,69,https://medias.watsons.com.tw/publishing/WTCTW-296842-front-jEW4lKL5-prodcat.png?version=1741458831,https://www.watsons.com.tw//pure’n-soft-柔白舒眠抑菌褲型衛生棉-s-m-2片/p/BP_296842,,,
屈臣氏舒適免洗內褲5入-女(黑)L,119,https://medias.watsons.com.tw/publishing/WTCTW-271923-front-prodcat.jpg?version=1732009450,https://www.watsons.com.tw//屈臣氏舒適免洗內褲5入-女-黑-l/p/BP_271923,5pcs,21x11.5x3cm,88 g
Pure’n Soft 柔白草本涼感超薄透氣護墊15cm 40片,85,https://medias.watsons.com.tw/publishing/WTCTW-296841-front-uxbqjYrv-prodcat.png?version=1741458831,https://www.watsons.com.tw//pure’n-soft-柔白草本涼感超薄透氣護墊15cm-40片/p/BP_296841,15cm 40片,11.2x6.5x7cm,72 g
Pure’n Soft 柔白舒適超薄透氣護墊15cm 40片3包,99,https://medias.watsons.com.tw/publishing/WTCTW-296839-front-yAZQRVmT-prodcat.png?version=1741458860,https://www.watsons.com.tw//pure’n-soft-柔白舒適超薄透氣護墊15cm-40片3包/p/BP_296839,40片3包,11.5x6.7x22cm,215 g
【enhance 依涵絲】珍珠紋掛抽式洗臉巾120抽加厚版,149,https://medias.watsons.com.tw/publishing/WTCTW-283444-front-W6paOBPg-prodcat.png?version=1741458720,https://www.watsons.com.tw//【enhance-依涵絲】珍珠紋掛抽式洗臉巾120抽加厚版/p/BP_283444,珍珠紋 120抽,19.8x10.2x37.7cm,376 g
屈臣氏舒適免洗內褲5入-男L,119,https://medias.watsons.com.tw/publishing/WTCTW-271915-front-prodcat.jpg?version=1732009432,https://www.watsons.com.tw//屈臣氏舒適免洗內褲5入-男l/p/BP_271915,,,
屈臣氏舒適免洗內褲7入-女XL,119,https://medias.watsons.com.tw/publishing/WTCTW-271918-front-prodcat.jpg?version=1732009436,https://www.watsons.com.tw//屈臣氏舒適免洗內褲7入-女xl/p/BP_271918,7pcs,23x12.5x3.5cm,75 g
屈臣氏舒適免洗內褲7入-女M,119,https://medias.watsons.com.tw/publishing/WTCTW-271922-front-prodcat.jpg?version=1732005164,https://www.watsons.com.tw//屈臣氏舒適免洗內褲7入-女m/p/BP_271922,7pcs,23x12.5x3.5cm,64 g
屈臣氏舒適免洗內褲5入-女M,119,https://medias.watsons.com.tw/publishing/WTCTW-271924-front-prodcat.jpg?version=1732005155,https://www.watsons.com.tw//屈臣氏舒適免洗內褲5入-女m/p/BP_271924,5pcs,19.5x11.5x3cm,78 g
屈臣氏舒適免洗內褲5入-女XL,119,https://medias.watsons.com.tw/publishing/WTCTW-271926-front-prodcat.jpg?version=1732005174,https://www.watsons.com.tw//屈臣氏舒適免洗內褲5入-女xl/p/BP_271926,5pcs,21x11.5x3cm,94 g
屈臣氏舒適免洗內褲7入-女L,119,https://medias.watsons.com.tw/publishing/WTCTW-271927-front-prodcat.jpg?version=1732005160,https://www.watsons.com.tw//屈臣氏舒適免洗內褲7入-女l/p/BP_271927,7pcs,23x12.5x3.5cm,68 g
屈臣氏舒適免洗內褲5入-女L,119,https://medias.watsons.com.tw/publishing/WTCTW-271919-front-prodcat.jpg?version=1732005145,https://www.watsons.com.tw//屈臣氏舒適免洗內褲5入-女l/p/BP_271919,5pcs,21x11.5x3cm,88 g
屈臣氏舒適免洗內褲5入-女(低腰)M,119,https://medias.watsons.com.tw/publishing/WTCTW-271916-front-prodcat.jpg?version=1732005141,https://www.watsons.com.tw//屈臣氏舒適免洗內褲5入-女-低腰-m/p/BP_271916,5pcs,19.5x11.5x3cm,76 g
屈臣氏舒適免洗內褲5入-女(低腰)L,119,https://medias.watsons.com.tw/publishing/WTCTW-271917-front-prodcat.jpg?version=1732009441,https://www.watsons.com.tw//屈臣氏舒適免洗內褲5入-女-低腰-l/p/BP_271917,5pcs,19.5x11.5x3cm,80 g
屈臣氏舒適免洗內褲5入-男(黑)L,119,https://medias.watsons.com.tw/publishing/WTCTW-271921-front-prodcat.jpg?version=1732005150,https://www.watsons.com.tw//屈臣氏舒適免洗內褲5入-男-黑-l/p/BP_271921,5pcs,21x11.5x3cm,104 g
屈臣氏舒適免洗內褲5入-孕婦L,119,https://medias.watsons.com.tw/publishing/WTCTW-271925-front-prodcat.jpg?version=1732009455,https://www.watsons.com.tw//屈臣氏舒適免洗內褲5入-孕婦l/p/BP_271925,,,
【enhance 依涵絲】珍珠紋加厚版70g 乾濕兩用洗臉巾(70抽)*6,720,https://medias.watsons.com.tw/publishing/WTCTW-799712-front-prodcat.jpg?version=1729186818,https://www.watsons.com.tw//【enhance-依涵絲】珍珠紋加厚版70g-乾濕兩用洗臉巾-70抽-*6/p/BP_799712,6入,24x11x7cm,200 g
舒潔迪士尼棉柔舒適抽取衛生紙(街頭風)96抽16包4串/箱-箱購,899,https://medias.watsons.com.tw/publishing/WTCTW-231444-front-prodcat.jpg?version=1731578801,https://www.watsons.com.tw//舒潔迪士尼棉柔舒適抽取衛生紙-街頭風-96抽16包4串-箱-箱購/p/BP_231444,96抽64包,69x39x41cm,8600 g
舒潔迪士尼棉柔舒適抽取衛生紙(街頭風)96抽16包,269,https://medias.watsons.com.tw/publishing/WTCTW-228165-front-prodcat.jpg?version=1731571689,https://www.watsons.com.tw//舒潔迪士尼棉柔舒適抽取衛生紙-街頭風-96抽16包/p/BP_228165,96抽16包,58x50.5x18cm,2015 g
屈臣氏抗菌潔淨柔濕巾20片x4包(繽紛圓點組合包),116,https://medias.watsons.com.tw/publishing/WTCTW-799275-front-prodcat.jpg,https://www.watsons.com.tw//屈臣氏抗菌潔淨柔濕巾20片x4包-繽紛圓點組合包/p/BP_799275,,,
屈臣氏袖珍面紙10抽28入(50th Hello Kitty),49,https://medias.watsons.com.tw/publishing/WTCTW-289919-front-prodcat.jpg?version=1732133546,https://www.watsons.com.tw//屈臣氏袖珍面紙10抽28入-50th-hello-kitty/p/BP_289919,10抽28入,21.6x7x21.6cm,382 g
屈臣氏迷你紙手帕3層10抽10包(柴犬工房),39,https://medias.watsons.com.tw/publishing/WTCTW-296058-front-prodcat.jpg?version=1732986243,https://www.watsons.com.tw//屈臣氏迷你紙手帕3層10抽10包-柴犬工房/p/BP_296058,,,
舒潔雪潤舒鼻紙手帕10抽10包,99,https://medias.watsons.com.tw/publishing/WTCTW-246594-front-prodcat.jpg?version=1731708936,https://www.watsons.com.tw//舒潔雪潤舒鼻紙手帕10抽10包/p/BP_246594,10抽10包,11x28x4.6cm,220 g
屈臣氏袖珍面紙10抽28入(LINE FRIENDS),70,https://medias.watsons.com.tw/publishing/WTCTW-278711-front-1XNKCoR4-prodcat.png?version=1741459039,https://www.watsons.com.tw//屈臣氏袖珍面紙10抽28入-line-friends/p/BP_278711,10抽28入,21.6x7x21.6cm,382 g
